Categoria,Ingrediente,Porção,Calorias (kcal),Proteína (g),Carbo (g),Gordura (g)
Base,Alface americana ou crespa,100g,15,1,3,0
Base,"Mix (Rúcula, Agrião, Espinafre)",100g,25,2,4,0
Base,Repolho roxo fatiado,100g,25,1,6,0
Proteína,Peito de frango desfiado,120g,195,35,0,4
Proteína,Ovos cozidos,2 unidades,140,12,1,10
Proteína,Atum em água (escorrido),1 lata (120g),130,28,0,1
Proteína,Tofu grelhado em cubos,150g,115,12,3,6
Proteína,Patinho moído refogado,100g,220,30,0,10
Proteína,Queijo Minas Frescal em cubos,50g,120,8,2,9
Carbo Complexo,Grão-de-bico cozido,80g,130,7,22,2
Carbo Complexo,Batata-doce em cubos assada,100g,86,1,20,0
Carbo Complexo,Lentilha cozida,80g,93,7,16,0
Carbo Complexo,Mandioca cozida,80g,100,1,24,0
Carbo Complexo,Quinoa cozida,80g,96,3,17,1
Carbo Complexo,Milho cozido,80g (~3 col. sopa),70,2,15,1
Carbo Complexo,Torradinhas integrais caseiras,30g (1 fatia),80,3,13,1
Vegetal Extra,Cenoura crua ralada,80g,35,1,8,0
Vegetal Extra,Tomate cereja (inteiro),80g,15,1,3,0
Vegetal Extra,Brócolis no vapor,80g,25,2,5,0
Vegetal Extra,Pepino em cubos,80g,12,0,3,0
Vegetal Extra,Palmito em rodelas,80g,20,2,4,0
Vegetal Extra,Abobrinha grelhada em cubos,80g,15,1,3,0
Vegetal Extra,Vagem cozida cortada,80g,28,2,6,0
Vegetal Extra,Berinjela assada,80g,20,1,5,0
Molho / Gordura,Molho Iogurte e Mostarda,3 col. sopa,30,2,2,1
Molho / Gordura,Azeite extra virgem,1 col. sopa,120,0,0,14
Molho / Gordura,Abacate em cubos,50g,80,1,4,7
Molho / Gordura,"Sementes (Abóbora/Girassol)",1 col. sopa,85,4,2,7
Molho / Gordura,Tahine com Limão (diluído),1 col. sopa,90,3,3,8
Molho / Gordura,Mostarda e Laranja,1 col. sopa + suco,20,1,4,0
Molho / Gordura,Iogurte com Ervas,3 col. sopa,30,2,2,1
Molho / Gordura,Pesto Leve,1 col. sopa,130,1,1,14
Molho / Gordura,Maionese Light Temperada,1 col. sopa (diluída),35,0,1,3
Molho / Gordura,Creme de Ricota com Ervas,2 col. sopa,60,4,2,4
Molho / Gordura,Parmesão Ralado,1 col. sopa (15g),60,5,0,4
Molho / Gordura,Queijo Cottage,2 col. sopa (40g),40,5,1,1
