Espaço,id,Gramas,Medida caseira
Vegetais,78,100,
Vegetais,77,100,
Vegetais,157,100,
Vegetais,152,100,
Vegetais,95,100,
Vegetais,142,100,
Vegetais,112,100,
Vegetais,72,100,
Vegetais,110,100,
Vegetais,109,100,
Vegetais,147,100,
Vegetais,100,100,
Vegetais,118,100,
Vegetais,149,100,
Vegetais,150,100,
Vegetais,98,100,
Vegetais,97,100,
Vegetais,127,100,
Vegetais,139,50,2 toletes
Proteína,410,120,1 filé médio
Proteína,377,120,1 filé médio
Proteína,351,120,1 filé médio
Proteína,349,120,1 filé médio
Proteína,368,120,1 filé médio
Proteína,358,120,1 filé médio
Proteína,363,120,1 filé médio
Proteína,301,120,1 filé médio
Proteína,317,120,1 filé médio
Proteína,432,120,1 filé médio
Proteína,435,120,1 filé médio
Proteína,488,120,2 ovos
Proteína,461,120,5 fatias
Proteína,469,120,5 fatias
Carboidrato,3,80,4 col. sopa rasas
Carboidrato,1,80,4 col. sopa rasas
Carboidrato,91,100,4 rodelas
Carboidrato,88,75,3 rodelas
Carboidrato,86,75,3 rodelas
Carboidrato,129,75,3 rodelas
Carboidrato,64,120,5 pedaços
Carboidrato,577,100,1 concha grande
Carboidrato,561,100,1 concha média
Carboidrato,567,100,1 concha média
Carboidrato,560,75,3 col. sopa
Gordura,260,7,"1 col. sopa (7,5 ml)"
Sobremesa,226,80,
Sobremesa,225,80,
Sobremesa,256,80,
Sobremesa,239,80,
Sobremesa,242,80,
Sobremesa,235,80,
Sobremesa,236,80,
Sobremesa,222,80,
Sobremesa,164,80,
Sobremesa,251,80,
Sobremesa,182,80,
Sobremesa,214,80,
Sobremesa,200,80,
Sobremesa,231,80,
Sobremesa,172,80,
Sobremesa,244,80,
Sobremesa,189,80,
Sobremesa,207,80,
Carboidrato,U20121,75,2 pegadores
Carboidrato,U16057,75,3 col. sopa
Carboidrato,U11363,75,3 col. sopa rasas
Carboidrato,U11657,75,3 col. sopa rasas
Proteína,U13454,120,1 filé médio
Proteína,U15121,120,1 lata
Proteína,U10061,120,1 filé médio
